sample	unit	platform	fq1	fq2
AGS.2	L1	ILLUMINA	raw/AGS.2_L1_R1.fastq.gz	raw/AGS.2_L1_R2.fastq.gz
AGS.3	L1	ILLUMINA	raw/AGS.3_L1_R1.fastq.gz	raw/AGS.3_L1_R2.fastq.gz
AIT1.1	L1	ILLUMINA	raw/AIT1.1_L1_R1.fastq.gz	raw/AIT1.1_L1_R2.fastq.gz
AIT1.2	L1	ILLUMINA	raw/AIT1.2_L1_R1.fastq.gz	raw/AIT1.2_L1_R2.fastq.gz
AIT1.3	L1	ILLUMINA	raw/AIT1.3_L1_R1.fastq.gz	raw/AIT1.3_L1_R2.fastq.gz
AIT2.1	L1	ILLUMINA	raw/AIT2.1_L1_R1.fastq.gz	raw/AIT2.1_L1_R2.fastq.gz
AIT2.10	L1	ILLUMINA	raw/AIT2.10_L1_R1.fastq.gz	raw/AIT2.10_L1_R2.fastq.gz
AIT2.2	L1	ILLUMINA	raw/AIT2.2_L1_R1.fastq.gz	raw/AIT2.2_L1_R2.fastq.gz
AIT2.3	L1	ILLUMINA	raw/AIT2.3_L1_R1.fastq.gz	raw/AIT2.3_L1_R2.fastq.gz
AIT2.4	L1	ILLUMINA	raw/AIT2.4_L1_R1.fastq.gz	raw/AIT2.4_L1_R2.fastq.gz
AIT2.6	L1	ILLUMINA	raw/AIT2.6_L1_R1.fastq.gz	raw/AIT2.6_L1_R2.fastq.gz
AIT2.7	L1	ILLUMINA	raw/AIT2.7_L1_R1.fastq.gz	raw/AIT2.7_L1_R2.fastq.gz
AIT2.8	L1	ILLUMINA	raw/AIT2.8_L1_R1.fastq.gz	raw/AIT2.8_L1_R2.fastq.gz
AIT2.9	L1	ILLUMINA	raw/AIT2.9_L1_R1.fastq.gz	raw/AIT2.9_L1_R2.fastq.gz
AJD1.1	L1	ILLUMINA	raw/AJD1.1_L1_R1.fastq.gz	raw/AJD1.1_L1_R2.fastq.gz
AJD1.2	L1	ILLUMINA	raw/AJD1.2_L1_R1.fastq.gz	raw/AJD1.2_L1_R2.fastq.gz
AJD1.3	L1	ILLUMINA	raw/AJD1.3_L1_R1.fastq.gz	raw/AJD1.3_L1_R2.fastq.gz
AJD2.1	L1	ILLUMINA	raw/AJD2.1_L1_R1.fastq.gz	raw/AJD2.1_L1_R2.fastq.gz
AJD2.2	L1	ILLUMINA	raw/AJD2.2_L1_R1.fastq.gz	raw/AJD2.2_L1_R2.fastq.gz
AJD2.3	L1	ILLUMINA	raw/AJD2.3_L1_R1.fastq.gz	raw/AJD2.3_L1_R2.fastq.gz
AJD2.4	L1	ILLUMINA	raw/AJD2.4_L1_R1.fastq.gz	raw/AJD2.4_L1_R2.fastq.gz
AJD2.5	L1	ILLUMINA	raw/AJD2.5_L1_R1.fastq.gz	raw/AJD2.5_L1_R2.fastq.gz
ALG.1	L1	ILLUMINA	raw/ALG.1_L1_R1.fastq.gz	raw/ALG.1_L1_R2.fastq.gz
ALH.1	L1	ILLUMINA	raw/ALH.1_L1_R1.fastq.gz	raw/ALH.1_L1_R2.fastq.gz
ALH.R	L1	ILLUMINA	raw/ALH.2_L1_R1.fastq.gz	raw/ALH.2_L1_R2.fastq.gz
ALH.3	L1	ILLUMINA	raw/ALH.3_L1_R1.fastq.gz	raw/ALH.3_L1_R2.fastq.gz
ALH.4	L1	ILLUMINA	raw/ALH.4_L1_R1.fastq.gz	raw/ALH.4_L1_R2.fastq.gz
ALH.5	L1	ILLUMINA	raw/ALH.5_L1_R1.fastq.gz	raw/ALH.5_L1_R2.fastq.gz
ALH.6	L1	ILLUMINA	raw/ALH.6_L1_R1.fastq.gz	raw/ALH.6_L1_R2.fastq.gz
ALH.7	L1	ILLUMINA	raw/ALH.7_L1_R1.fastq.gz	raw/ALH.7_L1_R2.fastq.gz
ANC.1	L1	ILLUMINA	raw/ANC.1_L1_R1.fastq.gz	raw/ANC.1_L1_R2.fastq.gz
ANC.2	L1	ILLUMINA	raw/ANC.2_L1_R1.fastq.gz	raw/ANC.2_L1_R2.fastq.gz
ANC.3	L1	ILLUMINA	raw/ANC.3_L1_R1.fastq.gz	raw/ANC.3_L1_R2.fastq.gz
AND.1	L1	ILLUMINA	raw/AND.1_L1_R1.fastq.gz	raw/AND.1_L1_R2.fastq.gz
AND.2	L1	ILLUMINA	raw/AND.2_L1_R1.fastq.gz	raw/AND.2_L1_R2.fastq.gz
AND.3	L1	ILLUMINA	raw/AND.3_L1_R1.fastq.gz	raw/AND.3_L1_R2.fastq.gz
AND.5	L1	ILLUMINA	raw/AND.5_L1_R1.fastq.gz	raw/AND.5_L1_R2.fastq.gz
AND.6	L1	ILLUMINA	raw/AND.6_L1_R1.fastq.gz	raw/AND.6_L1_R2.fastq.gz
AND.7	L1	ILLUMINA	raw/AND.7_L1_R1.fastq.gz	raw/AND.7_L1_R2.fastq.gz
AND.8	L1	ILLUMINA	raw/AND.8_L1_R1.fastq.gz	raw/AND.8_L1_R2.fastq.gz
AND.9	L1	ILLUMINA	raw/AND.9_L1_R1.fastq.gz	raw/AND.9_L1_R2.fastq.gz
ART1.1	L1	ILLUMINA	raw/ART1.1_L1_R1.fastq.gz	raw/ART1.1_L1_R2.fastq.gz
ART1.2	L1	ILLUMINA	raw/ART1.2_L1_R1.fastq.gz	raw/ART1.2_L1_R2.fastq.gz
ART1.3	L1	ILLUMINA	raw/ART1.3_L1_R1.fastq.gz	raw/ART1.3_L1_R2.fastq.gz
ART1.4	L1	ILLUMINA	raw/ART1.4_L1_R1.fastq.gz	raw/ART1.4_L1_R2.fastq.gz
ART1.5	L1	ILLUMINA	raw/ART1.5_L1_R1.fastq.gz	raw/ART1.5_L1_R2.fastq.gz
ART2.1	L1	ILLUMINA	raw/ART2.1_L1_R1.fastq.gz	raw/ART2.1_L1_R2.fastq.gz
ART2.2	L1	ILLUMINA	raw/ART2.2_L1_R1.fastq.gz	raw/ART2.2_L1_R2.fastq.gz
ART2.3	L1	ILLUMINA	raw/ART2.3_L1_R1.fastq.gz	raw/ART2.3_L1_R2.fastq.gz
ART2.4	L1	ILLUMINA	raw/ART2.4_L1_R1.fastq.gz	raw/ART2.4_L1_R2.fastq.gz
ART2.5	L1	ILLUMINA	raw/ART2.5_L1_R1.fastq.gz	raw/ART2.5_L1_R2.fastq.gz
ART3.1	L1	ILLUMINA	raw/ART3.1_L1_R1.fastq.gz	raw/ART3.1_L1_R2.fastq.gz
ART3.2	L1	ILLUMINA	raw/ART3.2_L1_R1.fastq.gz	raw/ART3.2_L1_R2.fastq.gz
ART3.3	L1	ILLUMINA	raw/ART3.3_L1_R1.fastq.gz	raw/ART3.3_L1_R2.fastq.gz
ART3.4	L1	ILLUMINA	raw/ART3.4_L1_R1.fastq.gz	raw/ART3.4_L1_R2.fastq.gz
ART3.5	L1	ILLUMINA	raw/ART3.5_L1_R1.fastq.gz	raw/ART3.5_L1_R2.fastq.gz
ATL.1	L1	ILLUMINA	raw/ATL.1_L1_R1.fastq.gz	raw/ATL.1_L1_R2.fastq.gz
ATL.10	L1	ILLUMINA	raw/ATL.10_L1_R1.fastq.gz	raw/ATL.10_L1_R2.fastq.gz
ATL.2	L1	ILLUMINA	raw/ATL.2_L1_R1.fastq.gz	raw/ATL.2_L1_R2.fastq.gz
ATL.3	L1	ILLUMINA	raw/ATL.3_L1_R1.fastq.gz	raw/ATL.3_L1_R2.fastq.gz
ATL.4	L1	ILLUMINA	raw/ATL.4_L1_R1.fastq.gz	raw/ATL.4_L1_R2.fastq.gz
ATL.5	L1	ILLUMINA	raw/ATL.5_L1_R1.fastq.gz	raw/ATL.5_L1_R2.fastq.gz
ATL.6	L1	ILLUMINA	raw/ATL.6_L1_R1.fastq.gz	raw/ATL.6_L1_R2.fastq.gz
ATL.7	L1	ILLUMINA	raw/ATL.7_L1_R1.fastq.gz	raw/ATL.7_L1_R2.fastq.gz
ATL.8	L1	ILLUMINA	raw/ATL.8_L1_R1.fastq.gz	raw/ATL.8_L1_R2.fastq.gz
ATL.9	L1	ILLUMINA	raw/ATL.9_L1_R1.fastq.gz	raw/ATL.9_L1_R2.fastq.gz
BAT.1	L1	ILLUMINA	raw/BAT.1_L1_R1.fastq.gz	raw/BAT.1_L1_R2.fastq.gz
BAT.10	L1	ILLUMINA	raw/BAT.10_L1_R1.fastq.gz	raw/BAT.10_L1_R2.fastq.gz
BAT.2	L1	ILLUMINA	raw/BAT.2_L1_R1.fastq.gz	raw/BAT.2_L1_R2.fastq.gz
BAT.3	L1	ILLUMINA	raw/BAT.3_L1_R1.fastq.gz	raw/BAT.3_L1_R2.fastq.gz
BAT.4	L1	ILLUMINA	raw/BAT.4_L1_R1.fastq.gz	raw/BAT.4_L1_R2.fastq.gz
BAT.5	L1	ILLUMINA	raw/BAT.5_L1_R1.fastq.gz	raw/BAT.5_L1_R2.fastq.gz
BAT.6	L1	ILLUMINA	raw/BAT.6_L1_R1.fastq.gz	raw/BAT.6_L1_R2.fastq.gz
BAT.7	L1	ILLUMINA	raw/BAT.7_L1_R1.fastq.gz	raw/BAT.7_L1_R2.fastq.gz
BAT.8	L1	ILLUMINA	raw/BAT.8_L1_R1.fastq.gz	raw/BAT.8_L1_R2.fastq.gz
BAT.9	L1	ILLUMINA	raw/BAT.9_L1_R1.fastq.gz	raw/BAT.9_L1_R2.fastq.gz
BAYa.2	L1	ILLUMINA	raw/BAYa.2_L1_R1.fastq.gz	raw/BAYa.2_L1_R2.fastq.gz
BAYa.3	L1	ILLUMINA	raw/BAYa.3_L1_R1.fastq.gz	raw/BAYa.3_L1_R2.fastq.gz
BAYa.8	L1	ILLUMINA	raw/BAYa.8_L1_R1.fastq.gz	raw/BAYa.8_L1_R2.fastq.gz
BAYe.2	L1	ILLUMINA	raw/BAYe.2_L1_R1.fastq.gz	raw/BAYe.2_L1_R2.fastq.gz
BAYe.3	L1	ILLUMINA	raw/BAYe.3_L1_R1.fastq.gz	raw/BAYe.3_L1_R2.fastq.gz
BAYe.4	L1	ILLUMINA	raw/BAYe.4_L1_R1.fastq.gz	raw/BAYe.4_L1_R2.fastq.gz
BAYe.5	L1	ILLUMINA	raw/BAYe.5_L1_R1.fastq.gz	raw/BAYe.5_L1_R2.fastq.gz
BAYe.6	L1	ILLUMINA	raw/BAYe.6_L1_R1.fastq.gz	raw/BAYe.6_L1_R2.fastq.gz
BAYe.7	L1	ILLUMINA	raw/BAYe.7_L1_R1.fastq.gz	raw/BAYe.7_L1_R2.fastq.gz
BAYe.8	L1	ILLUMINA	raw/BAYe.8_L1_R1.fastq.gz	raw/BAYe.8_L1_R2.fastq.gz
BAYe.9	L1	ILLUMINA	raw/BAYe.9_L1_R1.fastq.gz	raw/BAYe.9_L1_R2.fastq.gz
BCS.10	L1	ILLUMINA	raw/BCS.10_L1_R1.fastq.gz	raw/BCS.10_L1_R2.fastq.gz
BCS.2	L1	ILLUMINA	raw/BCS.2_L1_R1.fastq.gz	raw/BCS.2_L1_R2.fastq.gz
BCS.3	L1	ILLUMINA	raw/BCS.3_L1_R1.fastq.gz	raw/BCS.3_L1_R2.fastq.gz
BCS.4	L1	ILLUMINA	raw/BCS.4_L1_R1.fastq.gz	raw/BCS.4_L1_R2.fastq.gz
BCS.5	L1	ILLUMINA	raw/BCS.5_L1_R1.fastq.gz	raw/BCS.5_L1_R2.fastq.gz
BCS.9	L1	ILLUMINA	raw/BCS.9_L1_R1.fastq.gz	raw/BCS.9_L1_R2.fastq.gz
BEC.1	L1	ILLUMINA	raw/BEC.1_L1_R1.fastq.gz	raw/BEC.1_L1_R2.fastq.gz
BEC.2	L1	ILLUMINA	raw/BEC.2_L1_R1.fastq.gz	raw/BEC.2_L1_R2.fastq.gz
BEC.3	L1	ILLUMINA	raw/BEC.3_L1_R1.fastq.gz	raw/BEC.3_L1_R2.fastq.gz
BEC.5	L1	ILLUMINA	raw/BEC.5_L1_R1.fastq.gz	raw/BEC.5_L1_R2.fastq.gz
BEC.7	L1	ILLUMINA	raw/BEC.7_L1_R1.fastq.gz	raw/BEC.7_L1_R2.fastq.gz
BEC.9	L1	ILLUMINA	raw/BEC.9_L1_R1.fastq.gz	raw/BEC.9_L1_R2.fastq.gz
BEL.1	L1	ILLUMINA	raw/BEL.1_L1_R1.fastq.gz	raw/BEL.1_L1_R2.fastq.gz
BEL.2	L1	ILLUMINA	raw/BEL.2_L1_R1.fastq.gz	raw/BEL.2_L1_R2.fastq.gz
BEL.3	L1	ILLUMINA	raw/BEL.3_L1_R1.fastq.gz	raw/BEL.3_L1_R2.fastq.gz
BEL.4	L1	ILLUMINA	raw/BEL.4_L1_R1.fastq.gz	raw/BEL.4_L1_R2.fastq.gz
BEL.5	L1	ILLUMINA	raw/BEL.5_L1_R1.fastq.gz	raw/BEL.5_L1_R2.fastq.gz
BEL.6	L1	ILLUMINA	raw/BEL.6_L1_R1.fastq.gz	raw/BEL.6_L1_R2.fastq.gz
BEL.7	L1	ILLUMINA	raw/BEL.7_L1_R1.fastq.gz	raw/BEL.7_L1_R2.fastq.gz
BEL.9	L1	ILLUMINA	raw/BEL.9_L1_R1.fastq.gz	raw/BEL.9_L1_R2.fastq.gz
BOL.1	L1	ILLUMINA	raw/BOL.1_L1_R1.fastq.gz	raw/BOL.1_L1_R2.fastq.gz
BOL.11	L1	ILLUMINA	raw/BOL.11_L1_R1.fastq.gz	raw/BOL.11_L1_R2.fastq.gz
BOL.12	L1	ILLUMINA	raw/BOL.12_L1_R1.fastq.gz	raw/BOL.12_L1_R2.fastq.gz
BOL.14	L1	ILLUMINA	raw/BOL.14_L1_R1.fastq.gz	raw/BOL.14_L1_R2.fastq.gz
BOL.15	L1	ILLUMINA	raw/BOL.15_L1_R1.fastq.gz	raw/BOL.15_L1_R2.fastq.gz
BOL.2	L1	ILLUMINA	raw/BOL.2_L1_R1.fastq.gz	raw/BOL.2_L1_R2.fastq.gz
BOL.3	L1	ILLUMINA	raw/BOL.3_L1_R1.fastq.gz	raw/BOL.3_L1_R2.fastq.gz
BOL.4	L1	ILLUMINA	raw/BOL.4_L1_R1.fastq.gz	raw/BOL.4_L1_R2.fastq.gz
BOL.5	L1	ILLUMINA	raw/BOL.5_L1_R1.fastq.gz	raw/BOL.5_L1_R2.fastq.gz
BOL.6	L1	ILLUMINA	raw/BOL.6_L1_R1.fastq.gz	raw/BOL.6_L1_R2.fastq.gz
BOL.9	L1	ILLUMINA	raw/BOL.9_L1_R1.fastq.gz	raw/BOL.9_L1_R2.fastq.gz
BOR.1	L1	ILLUMINA	raw/BOR.1_L1_R1.fastq.gz	raw/BOR.1_L1_R2.fastq.gz
BOR.2	L1	ILLUMINA	raw/BOR.2_L1_R1.fastq.gz	raw/BOR.2_L1_R2.fastq.gz
BOR.3	L1	ILLUMINA	raw/BOR.3_L1_R1.fastq.gz	raw/BOR.3_L1_R2.fastq.gz
BOR.4	L1	ILLUMINA	raw/BOR.4_L1_R1.fastq.gz	raw/BOR.4_L1_R2.fastq.gz
BOR.5	L1	ILLUMINA	raw/BOR.5_L1_R1.fastq.gz	raw/BOR.5_L1_R2.fastq.gz
BOR.6	L1	ILLUMINA	raw/BOR.6_L1_R1.fastq.gz	raw/BOR.6_L1_R2.fastq.gz
BOR.8	L1	ILLUMINA	raw/BOR.8_L1_R1.fastq.gz	raw/BOR.8_L1_R2.fastq.gz
BOR.9	L1	ILLUMINA	raw/BOR.9_L1_R1.fastq.gz	raw/BOR.9_L1_R2.fastq.gz
BRX.1	L1	ILLUMINA	raw/BRX.1_L1_R1.fastq.gz	raw/BRX.1_L1_R2.fastq.gz
BRX.2	L1	ILLUMINA	raw/BRX.2_L1_R1.fastq.gz	raw/BRX.2_L1_R2.fastq.gz
BRX.3	L1	ILLUMINA	raw/BRX.3_L1_R1.fastq.gz	raw/BRX.3_L1_R2.fastq.gz
BRZ.1	L1	ILLUMINA	raw/BRZ.1_L1_R1.fastq.gz	raw/BRZ.1_L1_R2.fastq.gz
BRZ.2	L1	ILLUMINA	raw/BRZ.2_L1_R1.fastq.gz	raw/BRZ.2_L1_R2.fastq.gz
BRZ.3	L1	ILLUMINA	raw/BRZ.3_L1_R1.fastq.gz	raw/BRZ.3_L1_R2.fastq.gz
BUN2.1	L1	ILLUMINA	raw/BUN2.1_L1_R1.fastq.gz	raw/BUN2.1_L1_R2.fastq.gz
BUN2.2	L1	ILLUMINA	raw/BUN2.2_L1_R1.fastq.gz	raw/BUN2.2_L1_R2.fastq.gz
BUN2.3	L1	ILLUMINA	raw/BUN2.3_L1_R1.fastq.gz	raw/BUN2.3_L1_R2.fastq.gz
BUN2.4	L1	ILLUMINA	raw/BUN2.4_L1_R1.fastq.gz	raw/BUN2.4_L1_R2.fastq.gz
BUN2.5	L1	ILLUMINA	raw/BUN2.5_L1_R1.fastq.gz	raw/BUN2.5_L1_R2.fastq.gz
CAG.1	L1	ILLUMINA	raw/CAG.1_L1_R1.fastq.gz	raw/CAG.1_L1_R2.fastq.gz
CAG.2	L1	ILLUMINA	raw/CAG.2_L1_R1.fastq.gz	raw/CAG.2_L1_R2.fastq.gz
CAG.3	L1	ILLUMINA	raw/CAG.3_L1_R1.fastq.gz	raw/CAG.3_L1_R2.fastq.gz
CAG.4	L1	ILLUMINA	raw/CAG.4_L1_R1.fastq.gz	raw/CAG.4_L1_R2.fastq.gz
CAP.1	L1	ILLUMINA	raw/CAP.1_L1_R1.fastq.gz	raw/CAP.1_L1_R2.fastq.gz
CAS.1	L1	ILLUMINA	raw/CAS.1_L1_R1.fastq.gz	raw/CAS.1_L1_R2.fastq.gz
CAT.1	L1	ILLUMINA	raw/CAT.1_L1_R1.fastq.gz	raw/CAT.1_L1_R2.fastq.gz
CAT.2	L1	ILLUMINA	raw/CAT.2_L1_R1.fastq.gz	raw/CAT.2_L1_R2.fastq.gz
CAT.3	L1	ILLUMINA	raw/CAT.3_L1_R1.fastq.gz	raw/CAT.3_L1_R2.fastq.gz
CAT.4	L1	ILLUMINA	raw/CAT.4_L1_R1.fastq.gz	raw/CAT.4_L1_R2.fastq.gz
CAT.5	L1	ILLUMINA	raw/CAT.5_L1_R1.fastq.gz	raw/CAT.5_L1_R2.fastq.gz
CAT.6	L1	ILLUMINA	raw/CAT.6_L1_R1.fastq.gz	raw/CAT.6_L1_R2.fastq.gz
CAT.7	L1	ILLUMINA	raw/CAT.7_L1_R1.fastq.gz	raw/CAT.7_L1_R2.fastq.gz
CAT.8	L1	ILLUMINA	raw/CAT.8_L1_R1.fastq.gz	raw/CAT.8_L1_R2.fastq.gz
CHI.1	L1	ILLUMINA	raw/CHI.1_L1_R1.fastq.gz	raw/CHI.1_L1_R2.fastq.gz
CHI.11	L1	ILLUMINA	raw/CHI.11_L1_R1.fastq.gz	raw/CHI.11_L1_R2.fastq.gz
CHI.3	L1	ILLUMINA	raw/CHI.3_L1_R1.fastq.gz	raw/CHI.3_L1_R2.fastq.gz
CHS1.1	L1	ILLUMINA	raw/CHS1.1_L1_R1.fastq.gz	raw/CHS1.1_L1_R2.fastq.gz
CHS1.2	L1	ILLUMINA	raw/CHS1.2_L1_R1.fastq.gz	raw/CHS1.2_L1_R2.fastq.gz
CHS1.3	L1	ILLUMINA	raw/CHS1.3_L1_R1.fastq.gz	raw/CHS1.3_L1_R2.fastq.gz
CHS1.4	L1	ILLUMINA	raw/CHS1.4_L1_R1.fastq.gz	raw/CHS1.4_L1_R2.fastq.gz
CHS1.5	L1	ILLUMINA	raw/CHS1.5_L1_R1.fastq.gz	raw/CHS1.5_L1_R2.fastq.gz
CHS1.6	L1	ILLUMINA	raw/CHS1.6_L1_R1.fastq.gz	raw/CHS1.6_L1_R2.fastq.gz
CHS1.8	L1	ILLUMINA	raw/CHS1.8_L1_R1.fastq.gz	raw/CHS1.8_L1_R2.fastq.gz
CHS6.1	L1	ILLUMINA	raw/CHS6.1_L1_R1.fastq.gz	raw/CHS6.1_L1_R2.fastq.gz
CHS6.2	L1	ILLUMINA	raw/CHS6.2_L1_R1.fastq.gz	raw/CHS6.2_L1_R2.fastq.gz
CHS6.3	L1	ILLUMINA	raw/CHS6.3_L1_R1.fastq.gz	raw/CHS6.3_L1_R2.fastq.gz
CHS6.4	L1	ILLUMINA	raw/CHS6.4_L1_R1.fastq.gz	raw/CHS6.4_L1_R2.fastq.gz
CHS6.5	L1	ILLUMINA	raw/CHS6.5_L1_R1.fastq.gz	raw/CHS6.5_L1_R2.fastq.gz
CHS6.6	L1	ILLUMINA	raw/CHS6.6_L1_R1.fastq.gz	raw/CHS6.6_L1_R2.fastq.gz
CHS6.7	L1	ILLUMINA	raw/CHS6.7_L1_R1.fastq.gz	raw/CHS6.7_L1_R2.fastq.gz
CHS6.8	L1	ILLUMINA	raw/CHS6.8_L1_R1.fastq.gz	raw/CHS6.8_L1_R2.fastq.gz
CIR.1	L1	ILLUMINA	raw/CIR.1_L1_R1.fastq.gz	raw/CIR.1_L1_R2.fastq.gz
CIR.10	L1	ILLUMINA	raw/CIR.10_L1_R1.fastq.gz	raw/CIR.10_L1_R2.fastq.gz
CIR.2	L1	ILLUMINA	raw/CIR.2_L1_R1.fastq.gz	raw/CIR.2_L1_R2.fastq.gz
CIR.3	L1	ILLUMINA	raw/CIR.3_L1_R1.fastq.gz	raw/CIR.3_L1_R2.fastq.gz
CIR.4	L1	ILLUMINA	raw/CIR.4_L1_R1.fastq.gz	raw/CIR.4_L1_R2.fastq.gz
CIR.5	L1	ILLUMINA	raw/CIR.5_L1_R1.fastq.gz	raw/CIR.5_L1_R2.fastq.gz
CIR.8	L1	ILLUMINA	raw/CIR.8_L1_R1.fastq.gz	raw/CIR.8_L1_R2.fastq.gz
CIR.9	L1	ILLUMINA	raw/CIR.9_L1_R1.fastq.gz	raw/CIR.9_L1_R2.fastq.gz
CPP1.1	L1	ILLUMINA	raw/CPP1.1_L1_R1.fastq.gz	raw/CPP1.1_L1_R2.fastq.gz
CPP2.1	L1	ILLUMINA	raw/CPP2.1_L1_R1.fastq.gz	raw/CPP2.1_L1_R2.fastq.gz
CPP2.2	L1	ILLUMINA	raw/CPP2.2_L1_R1.fastq.gz	raw/CPP2.2_L1_R2.fastq.gz
CPP2.3	L1	ILLUMINA	raw/CPP2.3_L1_R1.fastq.gz	raw/CPP2.3_L1_R2.fastq.gz
CPP2.4	L1	ILLUMINA	raw/CPP2.4_L1_R1.fastq.gz	raw/CPP2.4_L1_R2.fastq.gz
CPP2.5	L1	ILLUMINA	raw/CPP2.5_L1_R1.fastq.gz	raw/CPP2.5_L1_R2.fastq.gz
CPP2.6	L1	ILLUMINA	raw/CPP2.6_L1_R1.fastq.gz	raw/CPP2.6_L1_R2.fastq.gz
CRET.1	L1	ILLUMINA	raw/CRET.1_L1_R1.fastq.gz	raw/CRET.1_L1_R2.fastq.gz
CRET.11	L1	ILLUMINA	raw/CRET.11_L1_R1.fastq.gz	raw/CRET.11_L1_R2.fastq.gz
CRET.3	L1	ILLUMINA	raw/CRET.3_L1_R1.fastq.gz	raw/CRET.3_L1_R2.fastq.gz
CUX.1	L1	ILLUMINA	raw/CUX.1_L1_R1.fastq.gz	raw/CUX.1_L1_R2.fastq.gz
CUX.2	L1	ILLUMINA	raw/CUX.2_L1_R1.fastq.gz	raw/CUX.2_L1_R2.fastq.gz
DIV1.1	L1	ILLUMINA	raw/DIV1.1_L1_R1.fastq.gz	raw/DIV1.1_L1_R2.fastq.gz
DIV1.3	L1	ILLUMINA	raw/DIV1.3_L1_R1.fastq.gz	raw/DIV1.3_L1_R2.fastq.gz
DIV2.1	L1	ILLUMINA	raw/DIV2.1_L1_R1.fastq.gz	raw/DIV2.1_L1_R2.fastq.gz
DIV2.2	L1	ILLUMINA	raw/DIV2.2_L1_R1.fastq.gz	raw/DIV2.2_L1_R2.fastq.gz
DIV2.3	L1	ILLUMINA	raw/DIV2.3_L1_R1.fastq.gz	raw/DIV2.3_L1_R2.fastq.gz
DIV2.4	L1	ILLUMINA	raw/DIV2.4_L1_R1.fastq.gz	raw/DIV2.4_L1_R2.fastq.gz
DIV2.5	L1	ILLUMINA	raw/DIV2.5_L1_R1.fastq.gz	raw/DIV2.5_L1_R2.fastq.gz
DIV2.6	L1	ILLUMINA	raw/DIV2.6_L1_R1.fastq.gz	raw/DIV2.6_L1_R2.fastq.gz
DIV2.7	L1	ILLUMINA	raw/DIV2.7_L1_R1.fastq.gz	raw/DIV2.7_L1_R2.fastq.gz
DIV2.8	L1	ILLUMINA	raw/DIV2.8_L1_R1.fastq.gz	raw/DIV2.8_L1_R2.fastq.gz
DUR1.1	L1	ILLUMINA	raw/DUR1.1_L1_R1.fastq.gz	raw/DUR1.1_L1_R2.fastq.gz
DUR1.6	L1	ILLUMINA	raw/DUR1.6_L1_R1.fastq.gz	raw/DUR1.6_L1_R2.fastq.gz
DUR2.1	L1	ILLUMINA	raw/DUR2.1_L1_R1.fastq.gz	raw/DUR2.1_L1_R2.fastq.gz
DUR2.2	L1	ILLUMINA	raw/DUR2.2_L1_R1.fastq.gz	raw/DUR2.2_L1_R2.fastq.gz
DUR2.3	L1	ILLUMINA	raw/DUR2.3_L1_R1.fastq.gz	raw/DUR2.3_L1_R2.fastq.gz
EGA.1	L1	ILLUMINA	raw/EGA.1_L1_R1.fastq.gz	raw/EGA.1_L1_R2.fastq.gz
EGA.10	L1	ILLUMINA	raw/EGA.10_L1_R1.fastq.gz	raw/EGA.10_L1_R2.fastq.gz
EGA.2	L1	ILLUMINA	raw/EGA.2_L1_R1.fastq.gz	raw/EGA.2_L1_R2.fastq.gz
EGA.3	L1	ILLUMINA	raw/EGA.3_L1_R1.fastq.gz	raw/EGA.3_L1_R2.fastq.gz
EGA.4	L1	ILLUMINA	raw/EGA.4_L1_R1.fastq.gz	raw/EGA.4_L1_R2.fastq.gz
EGA.5	L1	ILLUMINA	raw/EGA.5_L1_R1.fastq.gz	raw/EGA.5_L1_R2.fastq.gz
EGA.6	L1	ILLUMINA	raw/EGA.6_L1_R1.fastq.gz	raw/EGA.6_L1_R2.fastq.gz
EGA.7	L1	ILLUMINA	raw/EGA.7_L1_R1.fastq.gz	raw/EGA.7_L1_R2.fastq.gz
EGA.8	L1	ILLUMINA	raw/EGA.8_L1_R1.fastq.gz	raw/EGA.8_L1_R2.fastq.gz
EGA.9	L1	ILLUMINA	raw/EGA.9_L1_R1.fastq.gz	raw/EGA.9_L1_R2.fastq.gz
ENB.1	L1	ILLUMINA	raw/ENB.1_L1_R1.fastq.gz	raw/ENB.1_L1_R2.fastq.gz
ENB.2	L1	ILLUMINA	raw/ENB.2_L1_R1.fastq.gz	raw/ENB.2_L1_R2.fastq.gz
ENB.3	L1	ILLUMINA	raw/ENB.3_L1_R1.fastq.gz	raw/ENB.3_L1_R2.fastq.gz
ENB.4	L1	ILLUMINA	raw/ENB.4_L1_R1.fastq.gz	raw/ENB.4_L1_R2.fastq.gz
ENB.5	L1	ILLUMINA	raw/ENB.5_L1_R1.fastq.gz	raw/ENB.5_L1_R2.fastq.gz
ENB.6	L1	ILLUMINA	raw/ENB.6_L1_R1.fastq.gz	raw/ENB.6_L1_R2.fastq.gz
ENB.7	L1	ILLUMINA	raw/ENB.7_L1_R1.fastq.gz	raw/ENB.7_L1_R2.fastq.gz
ENB.8	L1	ILLUMINA	raw/ENB.8_L1_R1.fastq.gz	raw/ENB.8_L1_R2.fastq.gz
FIE1.1	L1	ILLUMINA	raw/FIE1.1_L1_R1.fastq.gz	raw/FIE1.1_L1_R2.fastq.gz
FIE1.2	L1	ILLUMINA	raw/FIE1.2_L1_R1.fastq.gz	raw/FIE1.2_L1_R2.fastq.gz
FIE1.3	L1	ILLUMINA	raw/FIE1.3_L1_R1.fastq.gz	raw/FIE1.3_L1_R2.fastq.gz
FIE1.4	L1	ILLUMINA	raw/FIE1.4_L1_R1.fastq.gz	raw/FIE1.4_L1_R2.fastq.gz
FIE1.5	L1	ILLUMINA	raw/FIE1.5_L1_R1.fastq.gz	raw/FIE1.5_L1_R2.fastq.gz
FIE1.6	L1	ILLUMINA	raw/FIE1.6_L1_R1.fastq.gz	raw/FIE1.6_L1_R2.fastq.gz
FIE1.7	L1	ILLUMINA	raw/FIE1.7_L1_R1.fastq.gz	raw/FIE1.7_L1_R2.fastq.gz
FIE1.8	L1	ILLUMINA	raw/FIE1.8_L1_R1.fastq.gz	raw/FIE1.8_L1_R2.fastq.gz
FIE2.1	L1	ILLUMINA	raw/FIE2.1_L1_R1.fastq.gz	raw/FIE2.1_L1_R2.fastq.gz
FIE2.2	L1	ILLUMINA	raw/FIE2.2_L1_R1.fastq.gz	raw/FIE2.2_L1_R2.fastq.gz
FIE2.3	L1	ILLUMINA	raw/FIE2.3_L1_R1.fastq.gz	raw/FIE2.3_L1_R2.fastq.gz
FIE2.4	L1	ILLUMINA	raw/FIE2.4_L1_R1.fastq.gz	raw/FIE2.4_L1_R2.fastq.gz
FIE2.5	L1	ILLUMINA	raw/FIE2.5_L1_R1.fastq.gz	raw/FIE2.5_L1_R2.fastq.gz
FIE2.6	L1	ILLUMINA	raw/FIE2.6_L1_R1.fastq.gz	raw/FIE2.6_L1_R2.fastq.gz
FOG.1	L1	ILLUMINA	raw/FOG.1_L1_R1.fastq.gz	raw/FOG.1_L1_R2.fastq.gz
FOG.11	L1	ILLUMINA	raw/FOG.11_L1_R1.fastq.gz	raw/FOG.11_L1_R2.fastq.gz
FOG.12	L1	ILLUMINA	raw/FOG.12_L1_R1.fastq.gz	raw/FOG.12_L1_R2.fastq.gz
FOG.13	L1	ILLUMINA	raw/FOG.13_L1_R1.fastq.gz	raw/FOG.13_L1_R2.fastq.gz
FOG.14	L1	ILLUMINA	raw/FOG.14_L1_R1.fastq.gz	raw/FOG.14_L1_R2.fastq.gz
FOG.2	L1	ILLUMINA	raw/FOG.2_L1_R1.fastq.gz	raw/FOG.2_L1_R2.fastq.gz
FOG.3	L1	ILLUMINA	raw/FOG.3_L1_R1.fastq.gz	raw/FOG.3_L1_R2.fastq.gz
FOG.9	L1	ILLUMINA	raw/FOG.9_L1_R1.fastq.gz	raw/FOG.9_L1_R2.fastq.gz
GOL.1	L1	ILLUMINA	raw/GOL.1_L1_R1.fastq.gz	raw/GOL.1_L1_R2.fastq.gz
GOL.2	L1	ILLUMINA	raw/GOL.2_L1_R1.fastq.gz	raw/GOL.2_L1_R2.fastq.gz
GOL.3	L1	ILLUMINA	raw/GOL.3_L1_R1.fastq.gz	raw/GOL.3_L1_R2.fastq.gz
GOL.4	L1	ILLUMINA	raw/GOL.4_L1_R1.fastq.gz	raw/GOL.4_L1_R2.fastq.gz
GOL.5	L1	ILLUMINA	raw/GOL.5_L1_R1.fastq.gz	raw/GOL.5_L1_R2.fastq.gz
GOS.1	L1	ILLUMINA	raw/GOS.1_L1_R1.fastq.gz	raw/GOS.1_L1_R2.fastq.gz
GOS.2	L1	ILLUMINA	raw/GOS.2_L1_R1.fastq.gz	raw/GOS.2_L1_R2.fastq.gz
GOS.3	L1	ILLUMINA	raw/GOS.3_L1_R1.fastq.gz	raw/GOS.3_L1_R2.fastq.gz
GOS.4	L1	ILLUMINA	raw/GOS.4_L1_R1.fastq.gz	raw/GOS.4_L1_R2.fastq.gz
GOS.5	L1	ILLUMINA	raw/GOS.5_L1_R1.fastq.gz	raw/GOS.5_L1_R2.fastq.gz
GOS.7	L1	ILLUMINA	raw/GOS.7_L1_R1.fastq.gz	raw/GOS.7_L1_R2.fastq.gz
GUG.1	L1	ILLUMINA	raw/GUG.1_L1_R1.fastq.gz	raw/GUG.1_L1_R2.fastq.gz
GUG.2	L1	ILLUMINA	raw/GUG.2_L1_R1.fastq.gz	raw/GUG.2_L1_R2.fastq.gz
GUG.3	L1	ILLUMINA	raw/GUG.3_L1_R1.fastq.gz	raw/GUG.3_L1_R2.fastq.gz
HAZa.1	L1	ILLUMINA	raw/HAZa.1_L1_R1.fastq.gz	raw/HAZa.1_L1_R2.fastq.gz
HAZa.2	L1	ILLUMINA	raw/HAZa.2_L1_R1.fastq.gz	raw/HAZa.2_L1_R2.fastq.gz
HAZa.3	L1	ILLUMINA	raw/HAZa.3_L1_R1.fastq.gz	raw/HAZa.3_L1_R2.fastq.gz
HAZa.4	L1	ILLUMINA	raw/HAZa.4_L1_R1.fastq.gz	raw/HAZa.4_L1_R2.fastq.gz
HAZa.6	L1	ILLUMINA	raw/HAZa.6_L1_R1.fastq.gz	raw/HAZa.6_L1_R2.fastq.gz
HAZa.7	L1	ILLUMINA	raw/HAZa.7_L1_R1.fastq.gz	raw/HAZa.7_L1_R2.fastq.gz
HAZa.8	L1	ILLUMINA	raw/HAZa.8_L1_R1.fastq.gz	raw/HAZa.8_L1_R2.fastq.gz
HAZe.1	L1	ILLUMINA	raw/HAZe.1_L1_R1.fastq.gz	raw/HAZe.1_L1_R2.fastq.gz
HAZe.2	L1	ILLUMINA	raw/HAZe.2_L1_R1.fastq.gz	raw/HAZe.2_L1_R2.fastq.gz
HAZe.3	L1	ILLUMINA	raw/HAZe.3_L1_R1.fastq.gz	raw/HAZe.3_L1_R2.fastq.gz
HAZe.4	L1	ILLUMINA	raw/HAZe.4_L1_R1.fastq.gz	raw/HAZe.4_L1_R2.fastq.gz
HAZe.5	L1	ILLUMINA	raw/HAZe.5_L1_R1.fastq.gz	raw/HAZe.5_L1_R2.fastq.gz
HAZe.6	L1	ILLUMINA	raw/HAZe.6_L1_R1.fastq.gz	raw/HAZe.6_L1_R2.fastq.gz
HAZe.7	L1	ILLUMINA	raw/HAZe.7_L1_R1.fastq.gz	raw/HAZe.7_L1_R2.fastq.gz
HKM.1	L1	ILLUMINA	raw/HKM.1_L1_R1.fastq.gz	raw/HKM.1_L1_R2.fastq.gz
HKM.2	L1	ILLUMINA	raw/HKM.2_L1_R1.fastq.gz	raw/HKM.2_L1_R2.fastq.gz
HKM.3	L1	ILLUMINA	raw/HKM.3_L1_R1.fastq.gz	raw/HKM.3_L1_R2.fastq.gz
HKM.5	L1	ILLUMINA	raw/HKM.5_L1_R1.fastq.gz	raw/HKM.5_L1_R2.fastq.gz
HKM.6	L1	ILLUMINA	raw/HKM.6_L1_R1.fastq.gz	raw/HKM.6_L1_R2.fastq.gz
HKM.7	L1	ILLUMINA	raw/HKM.7_L1_R1.fastq.gz	raw/HKM.7_L1_R2.fastq.gz
HKM.8	L1	ILLUMINA	raw/HKM.8_L1_R1.fastq.gz	raw/HKM.8_L1_R2.fastq.gz
HKM.9	L1	ILLUMINA	raw/HKM.9_L1_R1.fastq.gz	raw/HKM.9_L1_R2.fastq.gz
HLL.1	L1	ILLUMINA	raw/HLL.1_L1_R1.fastq.gz	raw/HLL.1_L1_R2.fastq.gz
HLL.2	L1	ILLUMINA	raw/HLL.2_L1_R1.fastq.gz	raw/HLL.2_L1_R2.fastq.gz
IZO1.3	L1	ILLUMINA	raw/IZO1.3_L1_R1.fastq.gz	raw/IZO1.3_L1_R2.fastq.gz
IZO1.4	L1	ILLUMINA	raw/IZO1.4_L1_R1.fastq.gz	raw/IZO1.4_L1_R2.fastq.gz
IZO2.1	L1	ILLUMINA	raw/IZO2.1_L1_R1.fastq.gz	raw/IZO2.1_L1_R2.fastq.gz
IZO2.2	L1	ILLUMINA	raw/IZO2.2_L1_R1.fastq.gz	raw/IZO2.2_L1_R2.fastq.gz
IZO2.3	L1	ILLUMINA	raw/IZO2.3_L1_R1.fastq.gz	raw/IZO2.3_L1_R2.fastq.gz
IZO2.4	L1	ILLUMINA	raw/IZO2.4_L1_R1.fastq.gz	raw/IZO2.4_L1_R2.fastq.gz
IZO2.5	L1	ILLUMINA	raw/IZO2.5_L1_R1.fastq.gz	raw/IZO2.5_L1_R2.fastq.gz
IZO2.6	L1	ILLUMINA	raw/IZO2.6_L1_R1.fastq.gz	raw/IZO2.6_L1_R2.fastq.gz
KEF.1	L1	ILLUMINA	raw/KEF.1_L1_R1.fastq.gz	raw/KEF.1_L1_R2.fastq.gz
KEF.3	L1	ILLUMINA	raw/KEF.3_L1_R1.fastq.gz	raw/KEF.3_L1_R2.fastq.gz
KOM1.1	L1	ILLUMINA	raw/KOM1.1_L1_R1.fastq.gz	raw/KOM1.1_L1_R2.fastq.gz
KOM1.2	L1	ILLUMINA	raw/KOM1.2_L1_R1.fastq.gz	raw/KOM1.2_L1_R2.fastq.gz
KOM1.3	L1	ILLUMINA	raw/KOM1.3_L1_R1.fastq.gz	raw/KOM1.3_L1_R2.fastq.gz
KOZ.1	L1	ILLUMINA	raw/KOZ.1_L1_R1.fastq.gz	raw/KOZ.1_L1_R2.fastq.gz
KOZ.2	L1	ILLUMINA	raw/KOZ.2_L1_R1.fastq.gz	raw/KOZ.2_L1_R2.fastq.gz
KOZ.3	L1	ILLUMINA	raw/KOZ.3_L1_R1.fastq.gz	raw/KOZ.3_L1_R2.fastq.gz
KOZ.4	L1	ILLUMINA	raw/KOZ.4_L1_R1.fastq.gz	raw/KOZ.4_L1_R2.fastq.gz
KOZ.5	L1	ILLUMINA	raw/KOZ.5_L1_R1.fastq.gz	raw/KOZ.5_L1_R2.fastq.gz
KOZ.6	L1	ILLUMINA	raw/KOZ.6_L1_R1.fastq.gz	raw/KOZ.6_L1_R2.fastq.gz
KOZ.7	L1	ILLUMINA	raw/KOZ.7_L1_R1.fastq.gz	raw/KOZ.7_L1_R2.fastq.gz
KOZ.8	L1	ILLUMINA	raw/KOZ.8_L1_R1.fastq.gz	raw/KOZ.8_L1_R2.fastq.gz
KSA1.2	L1	ILLUMINA	raw/KSA1.2_L1_R1.fastq.gz	raw/KSA1.2_L1_R2.fastq.gz
KSA2.1	L1	ILLUMINA	raw/KSA2.1_L1_R1.fastq.gz	raw/KSA2.1_L1_R2.fastq.gz
KSA2.2	L1	ILLUMINA	raw/KSA2.2_L1_R1.fastq.gz	raw/KSA2.2_L1_R2.fastq.gz
KSA2.3	L1	ILLUMINA	raw/KSA2.3_L1_R1.fastq.gz	raw/KSA2.3_L1_R2.fastq.gz
KSA2.4	L1	ILLUMINA	raw/KSA2.4_L1_R1.fastq.gz	raw/KSA2.4_L1_R2.fastq.gz
LAV.1	L1	ILLUMINA	raw/LAV.1_L1_R1.fastq.gz	raw/LAV.1_L1_R2.fastq.gz
LAV.3	L1	ILLUMINA	raw/LAV.3_L1_R1.fastq.gz	raw/LAV.3_L1_R2.fastq.gz
LAV.4	L1	ILLUMINA	raw/LAV.4_L1_R1.fastq.gz	raw/LAV.4_L1_R2.fastq.gz
LAV.5	L1	ILLUMINA	raw/LAV.5_L1_R1.fastq.gz	raw/LAV.5_L1_R2.fastq.gz
LAV.6	L1	ILLUMINA	raw/LAV.6_L1_R1.fastq.gz	raw/LAV.6_L1_R2.fastq.gz
LDP.1	L1	ILLUMINA	raw/LDP.1_L1_R1.fastq.gz	raw/LDP.1_L1_R2.fastq.gz
LDP.2	L1	ILLUMINA	raw/LDP.2_L1_R1.fastq.gz	raw/LDP.2_L1_R2.fastq.gz
LDP.3	L1	ILLUMINA	raw/LDP.3_L1_R1.fastq.gz	raw/LDP.3_L1_R2.fastq.gz
LDP.4	L1	ILLUMINA	raw/LDP.4_L1_R1.fastq.gz	raw/LDP.4_L1_R2.fastq.gz
LDP.5	L1	ILLUMINA	raw/LDP.5_L1_R1.fastq.gz	raw/LDP.5_L1_R2.fastq.gz
LDP.6	L1	ILLUMINA	raw/LDP.6_L1_R1.fastq.gz	raw/LDP.6_L1_R2.fastq.gz
LDP.7	L1	ILLUMINA	raw/LDP.7_L1_R1.fastq.gz	raw/LDP.7_L1_R2.fastq.gz
LDP.8	L1	ILLUMINA	raw/LDP.8_L1_R1.fastq.gz	raw/LDP.8_L1_R2.fastq.gz
LEZ1.1	L1	ILLUMINA	raw/LEZ1.1_L1_R1.fastq.gz	raw/LEZ1.1_L1_R2.fastq.gz
LEZ1.10	L1	ILLUMINA	raw/LEZ1.10_L1_R1.fastq.gz	raw/LEZ1.10_L1_R2.fastq.gz
LEZ1.9	L1	ILLUMINA	raw/LEZ1.9_L1_R1.fastq.gz	raw/LEZ1.9_L1_R2.fastq.gz
LJU1.1	L1	ILLUMINA	raw/LJU1.1_L1_R1.fastq.gz	raw/LJU1.1_L1_R2.fastq.gz
LJU1.3	L1	ILLUMINA	raw/LJU1.3_L1_R1.fastq.gz	raw/LJU1.3_L1_R2.fastq.gz
LJU2.1	L1	ILLUMINA	raw/LJU2.1_L1_R1.fastq.gz	raw/LJU2.1_L1_R2.fastq.gz
LJU2.2	L1	ILLUMINA	raw/LJU2.2_L1_R1.fastq.gz	raw/LJU2.2_L1_R2.fastq.gz
LJU2.3	L1	ILLUMINA	raw/LJU2.3_L1_R1.fastq.gz	raw/LJU2.3_L1_R2.fastq.gz
LJU2.4	L1	ILLUMINA	raw/LJU2.4_L1_R1.fastq.gz	raw/LJU2.4_L1_R2.fastq.gz
LJU2.5	L1	ILLUMINA	raw/LJU2.5_L1_R1.fastq.gz	raw/LJU2.5_L1_R2.fastq.gz
LJU2.6	L1	ILLUMINA	raw/LJU2.6_L1_R1.fastq.gz	raw/LJU2.6_L1_R2.fastq.gz
LOD.1	L1	ILLUMINA	raw/LOD.1_L1_R1.fastq.gz	raw/LOD.1_L1_R2.fastq.gz
LOD.10	L1	ILLUMINA	raw/LOD.10_L1_R1.fastq.gz	raw/LOD.10_L1_R2.fastq.gz
LOD.2	L1	ILLUMINA	raw/LOD.2_L1_R1.fastq.gz	raw/LOD.2_L1_R2.fastq.gz
LOD.3	L1	ILLUMINA	raw/LOD.3_L1_R1.fastq.gz	raw/LOD.3_L1_R2.fastq.gz
LOD.4	L1	ILLUMINA	raw/LOD.4_L1_R1.fastq.gz	raw/LOD.4_L1_R2.fastq.gz
LOD.5	L1	ILLUMINA	raw/LOD.5_L1_R1.fastq.gz	raw/LOD.5_L1_R2.fastq.gz
LOD.6	L1	ILLUMINA	raw/LOD.6_L1_R1.fastq.gz	raw/LOD.6_L1_R2.fastq.gz
LOD.7	L1	ILLUMINA	raw/LOD.7_L1_R1.fastq.gz	raw/LOD.7_L1_R2.fastq.gz
LOD.8	L1	ILLUMINA	raw/LOD.8_L1_R1.fastq.gz	raw/LOD.8_L1_R2.fastq.gz
LOD.9	L1	ILLUMINA	raw/LOD.9_L1_R1.fastq.gz	raw/LOD.9_L1_R2.fastq.gz
MAR.1	L1	ILLUMINA	raw/MAR.1_L1_R1.fastq.gz	raw/MAR.1_L1_R2.fastq.gz
MAR.10	L1	ILLUMINA	raw/MAR.10_L1_R1.fastq.gz	raw/MAR.10_L1_R2.fastq.gz
MAR.11	L1	ILLUMINA	raw/MAR.11_L1_R1.fastq.gz	raw/MAR.11_L1_R2.fastq.gz
MAR.12	L1	ILLUMINA	raw/MAR.12_L1_R1.fastq.gz	raw/MAR.12_L1_R2.fastq.gz
MAR.2	L1	ILLUMINA	raw/MAR.2_L1_R1.fastq.gz	raw/MAR.2_L1_R2.fastq.gz
MAR.3	L1	ILLUMINA	raw/MAR.3_L1_R1.fastq.gz	raw/MAR.3_L1_R2.fastq.gz
MAR.4	L1	ILLUMINA	raw/MAR.4_L1_R1.fastq.gz	raw/MAR.4_L1_R2.fastq.gz
MAR.5	L1	ILLUMINA	raw/MAR.5_L1_R1.fastq.gz	raw/MAR.5_L1_R2.fastq.gz
MAR.6	L1	ILLUMINA	raw/MAR.6_L1_R1.fastq.gz	raw/MAR.6_L1_R2.fastq.gz
MAR.7	L1	ILLUMINA	raw/MAR.7_L1_R1.fastq.gz	raw/MAR.7_L1_R2.fastq.gz
MAR.8	L1	ILLUMINA	raw/MAR.8_L1_R1.fastq.gz	raw/MAR.8_L1_R2.fastq.gz
MAR.9	L1	ILLUMINA	raw/MAR.9_L1_R1.fastq.gz	raw/MAR.9_L1_R2.fastq.gz
MNB.1	L1	ILLUMINA	raw/MNB.1_L1_R1.fastq.gz	raw/MNB.1_L1_R2.fastq.gz
MNB.2	L1	ILLUMINA	raw/MNB.2_L1_R1.fastq.gz	raw/MNB.2_L1_R2.fastq.gz
MNB.3	L1	ILLUMINA	raw/MNB.3_L1_R1.fastq.gz	raw/MNB.3_L1_R2.fastq.gz
MNB.4	L1	ILLUMINA	raw/MNB.4_L1_R1.fastq.gz	raw/MNB.4_L1_R2.fastq.gz
MNB.6	L1	ILLUMINA	raw/MNB.6_L1_R1.fastq.gz	raw/MNB.6_L1_R2.fastq.gz
MNB.9	L1	ILLUMINA	raw/MNB.9_L1_R1.fastq.gz	raw/MNB.9_L1_R2.fastq.gz
MNP.1	L1	ILLUMINA	raw/MNP.1_L1_R1.fastq.gz	raw/MNP.1_L1_R2.fastq.gz
MNP.11	L1	ILLUMINA	raw/MNP.11_L1_R1.fastq.gz	raw/MNP.11_L1_R2.fastq.gz
MNP.2	L1	ILLUMINA	raw/MNP.2_L1_R1.fastq.gz	raw/MNP.2_L1_R2.fastq.gz
MNP.5	L1	ILLUMINA	raw/MNP.5_L1_R1.fastq.gz	raw/MNP.5_L1_R2.fastq.gz
MNP.6	L1	ILLUMINA	raw/MNP.6_L1_R1.fastq.gz	raw/MNP.6_L1_R2.fastq.gz
MNP.7	L1	ILLUMINA	raw/MNP.7_L1_R1.fastq.gz	raw/MNP.7_L1_R2.fastq.gz
MNP.8	L1	ILLUMINA	raw/MNP.8_L1_R1.fastq.gz	raw/MNP.8_L1_R2.fastq.gz
MOD.1	L1	ILLUMINA	raw/MOD.1_L1_R1.fastq.gz	raw/MOD.1_L1_R2.fastq.gz
MOD.10	L1	ILLUMINA	raw/MOD.10_L1_R1.fastq.gz	raw/MOD.10_L1_R2.fastq.gz
MOD.2	L1	ILLUMINA	raw/MOD.2_L1_R1.fastq.gz	raw/MOD.2_L1_R2.fastq.gz
MOD.3	L1	ILLUMINA	raw/MOD.3_L1_R1.fastq.gz	raw/MOD.3_L1_R2.fastq.gz
MOD.4	L1	ILLUMINA	raw/MOD.4_L1_R1.fastq.gz	raw/MOD.4_L1_R2.fastq.gz
MOD.5	L1	ILLUMINA	raw/MOD.5_L1_R1.fastq.gz	raw/MOD.5_L1_R2.fastq.gz
MOD.8	L1	ILLUMINA	raw/MOD.8_L1_R1.fastq.gz	raw/MOD.8_L1_R2.fastq.gz
MOD.9	L1	ILLUMINA	raw/MOD.9_L1_R1.fastq.gz	raw/MOD.9_L1_R2.fastq.gz
NEU.1	L1	ILLUMINA	raw/NEU.1_L1_R1.fastq.gz	raw/NEU.1_L1_R2.fastq.gz
NEU.2	L1	ILLUMINA	raw/NEU.2_L1_R1.fastq.gz	raw/NEU.2_L1_R2.fastq.gz
NEU.3	L1	ILLUMINA	raw/NEU.3_L1_R1.fastq.gz	raw/NEU.3_L1_R2.fastq.gz
NEU.4	L1	ILLUMINA	raw/NEU.4_L1_R1.fastq.gz	raw/NEU.4_L1_R2.fastq.gz
NEU.5	L1	ILLUMINA	raw/NEU.5_L1_R1.fastq.gz	raw/NEU.5_L1_R2.fastq.gz
NEU.6	L1	ILLUMINA	raw/NEU.6_L1_R1.fastq.gz	raw/NEU.6_L1_R2.fastq.gz
NEU.8	L1	ILLUMINA	raw/NEU.8_L1_R1.fastq.gz	raw/NEU.8_L1_R2.fastq.gz
NEU.9	L1	ILLUMINA	raw/NEU.9_L1_R1.fastq.gz	raw/NEU.9_L1_R2.fastq.gz
NOM1.1	L1	ILLUMINA	raw/NOM1.1_L1_R1.fastq.gz	raw/NOM1.1_L1_R2.fastq.gz
NOM1.2	L1	ILLUMINA	raw/NOM1.2_L1_R1.fastq.gz	raw/NOM1.2_L1_R2.fastq.gz
NOM1.3	L1	ILLUMINA	raw/NOM1.3_L1_R1.fastq.gz	raw/NOM1.3_L1_R2.fastq.gz
NOM2.1	L1	ILLUMINA	raw/NOM2.1_L1_R1.fastq.gz	raw/NOM2.1_L1_R2.fastq.gz
NOM2.2	L1	ILLUMINA	raw/NOM2.2_L1_R1.fastq.gz	raw/NOM2.2_L1_R2.fastq.gz
NOM2.3	L1	ILLUMINA	raw/NOM2.3_L1_R1.fastq.gz	raw/NOM2.3_L1_R2.fastq.gz
NOM2.4	L1	ILLUMINA	raw/NOM2.4_L1_R1.fastq.gz	raw/NOM2.4_L1_R2.fastq.gz
NOM2.5	L1	ILLUMINA	raw/NOM2.5_L1_R1.fastq.gz	raw/NOM2.5_L1_R2.fastq.gz
NOM2.6	L1	ILLUMINA	raw/NOM2.6_L1_R1.fastq.gz	raw/NOM2.6_L1_R2.fastq.gz
NYO.3	L1	ILLUMINA	raw/NYO.3_L1_R1.fastq.gz	raw/NYO.3_L1_R2.fastq.gz
OLB.1	L1	ILLUMINA	raw/OLB.1_L1_R1.fastq.gz	raw/OLB.1_L1_R2.fastq.gz
OLB.10	L1	ILLUMINA	raw/OLB.10_L1_R1.fastq.gz	raw/OLB.10_L1_R2.fastq.gz
OLB.11	L1	ILLUMINA	raw/OLB.11_L1_R1.fastq.gz	raw/OLB.11_L1_R2.fastq.gz
OLB.12	L1	ILLUMINA	raw/OLB.12_L1_R1.fastq.gz	raw/OLB.12_L1_R2.fastq.gz
OLB.13	L1	ILLUMINA	raw/OLB.13_L1_R1.fastq.gz	raw/OLB.13_L1_R2.fastq.gz
OLB.2	L1	ILLUMINA	raw/OLB.2_L1_R1.fastq.gz	raw/OLB.2_L1_R2.fastq.gz
OLB.3	L1	ILLUMINA	raw/OLB.3_L1_R1.fastq.gz	raw/OLB.3_L1_R2.fastq.gz
OLB.4	L1	ILLUMINA	raw/OLB.4_L1_R1.fastq.gz	raw/OLB.4_L1_R2.fastq.gz
OLB.5	L1	ILLUMINA	raw/OLB.5_L1_R1.fastq.gz	raw/OLB.5_L1_R2.fastq.gz
OLB.7	L1	ILLUMINA	raw/OLB.7_L1_R1.fastq.gz	raw/OLB.7_L1_R2.fastq.gz
OLB.8	L1	ILLUMINA	raw/OLB.8_L1_R1.fastq.gz	raw/OLB.8_L1_R2.fastq.gz
OLB.9	L1	ILLUMINA	raw/OLB.9_L1_R1.fastq.gz	raw/OLB.9_L1_R2.fastq.gz
OLM.1	L1	ILLUMINA	raw/OLM.1_L1_R1.fastq.gz	raw/OLM.1_L1_R2.fastq.gz
OLM.2	L1	ILLUMINA	raw/OLM.2_L1_R1.fastq.gz	raw/OLM.2_L1_R2.fastq.gz
OLM.3	L1	ILLUMINA	raw/OLM.3_L1_R1.fastq.gz	raw/OLM.3_L1_R2.fastq.gz
ORI.1	L1	ILLUMINA	raw/ORI.1_L1_R1.fastq.gz	raw/ORI.1_L1_R2.fastq.gz
ORI.2	L1	ILLUMINA	raw/ORI.2_L1_R1.fastq.gz	raw/ORI.2_L1_R2.fastq.gz
ORI.3	L1	ILLUMINA	raw/ORI.3_L1_R1.fastq.gz	raw/ORI.3_L1_R2.fastq.gz
ORI.4	L1	ILLUMINA	raw/ORI.4_L1_R1.fastq.gz	raw/ORI.4_L1_R2.fastq.gz
ORI.5	L1	ILLUMINA	raw/ORI.5_L1_R1.fastq.gz	raw/ORI.5_L1_R2.fastq.gz
ORI.6	L1	ILLUMINA	raw/ORI.6_L1_R1.fastq.gz	raw/ORI.6_L1_R2.fastq.gz
ORI.7	L1	ILLUMINA	raw/ORI.7_L1_R1.fastq.gz	raw/ORI.7_L1_R2.fastq.gz
ORT.1	L1	ILLUMINA	raw/ORT.1_L1_R1.fastq.gz	raw/ORT.1_L1_R2.fastq.gz
ORT.2	L1	ILLUMINA	raw/ORT.2_L1_R1.fastq.gz	raw/ORT.2_L1_R2.fastq.gz
ORT.3	L1	ILLUMINA	raw/ORT.3_L1_R1.fastq.gz	raw/ORT.3_L1_R2.fastq.gz
ORT.4	L1	ILLUMINA	raw/ORT.4_L1_R1.fastq.gz	raw/ORT.4_L1_R2.fastq.gz
ORT.5	L1	ILLUMINA	raw/ORT.5_L1_R1.fastq.gz	raw/ORT.5_L1_R2.fastq.gz
OSJ.1	L1	ILLUMINA	raw/OSJ.1_L1_R1.fastq.gz	raw/OSJ.1_L1_R2.fastq.gz
OSJ.10	L1	ILLUMINA	raw/OSJ.10_L1_R1.fastq.gz	raw/OSJ.10_L1_R2.fastq.gz
OSJ.2	L1	ILLUMINA	raw/OSJ.2_L1_R1.fastq.gz	raw/OSJ.2_L1_R2.fastq.gz
OSJ.5	L1	ILLUMINA	raw/OSJ.5_L1_R1.fastq.gz	raw/OSJ.5_L1_R2.fastq.gz
OSJ.8	L1	ILLUMINA	raw/OSJ.8_L1_R1.fastq.gz	raw/OSJ.8_L1_R2.fastq.gz
OSJ.9	L1	ILLUMINA	raw/OSJ.9_L1_R1.fastq.gz	raw/OSJ.9_L1_R2.fastq.gz
PAD.1	L1	ILLUMINA	raw/PAD.1_L1_R1.fastq.gz	raw/PAD.1_L1_R2.fastq.gz
PAD.10	L1	ILLUMINA	raw/PAD.10_L1_R1.fastq.gz	raw/PAD.10_L1_R2.fastq.gz
PAD.2	L1	ILLUMINA	raw/PAD.2_L1_R1.fastq.gz	raw/PAD.2_L1_R2.fastq.gz
PAD.3	L1	ILLUMINA	raw/PAD.3_L1_R1.fastq.gz	raw/PAD.3_L1_R2.fastq.gz
PAD.4	L1	ILLUMINA	raw/PAD.4_L1_R1.fastq.gz	raw/PAD.4_L1_R2.fastq.gz
PAD.5	L1	ILLUMINA	raw/PAD.5_L1_R1.fastq.gz	raw/PAD.5_L1_R2.fastq.gz
PAD.6	L1	ILLUMINA	raw/PAD.6_L1_R1.fastq.gz	raw/PAD.6_L1_R2.fastq.gz
PAYa.1	L1	ILLUMINA	raw/PAYa.1_L1_R1.fastq.gz	raw/PAYa.1_L1_R2.fastq.gz
PAYa.2	L1	ILLUMINA	raw/PAYa.2_L1_R1.fastq.gz	raw/PAYa.2_L1_R2.fastq.gz
PAYa.3	L1	ILLUMINA	raw/PAYa.3_L1_R1.fastq.gz	raw/PAYa.3_L1_R2.fastq.gz
PAYa.4	L1	ILLUMINA	raw/PAYa.4_L1_R1.fastq.gz	raw/PAYa.4_L1_R2.fastq.gz
PAYa.5	L1	ILLUMINA	raw/PAYa.5_L1_R1.fastq.gz	raw/PAYa.5_L1_R2.fastq.gz
PAYa.6	L1	ILLUMINA	raw/PAYa.6_L1_R1.fastq.gz	raw/PAYa.6_L1_R2.fastq.gz
PAYa.8	L1	ILLUMINA	raw/PAYa.8_L1_R1.fastq.gz	raw/PAYa.8_L1_R2.fastq.gz
PAYa.9	L1	ILLUMINA	raw/PAYa.9_L1_R1.fastq.gz	raw/PAYa.9_L1_R2.fastq.gz
PAYe.1	L1	ILLUMINA	raw/PAYe.1_L1_R1.fastq.gz	raw/PAYe.1_L1_R2.fastq.gz
PAYe.3	L1	ILLUMINA	raw/PAYe.3_L1_R1.fastq.gz	raw/PAYe.3_L1_R2.fastq.gz
PAYe.4	L1	ILLUMINA	raw/PAYe.4_L1_R1.fastq.gz	raw/PAYe.4_L1_R2.fastq.gz
PAYe.5	L1	ILLUMINA	raw/PAYe.5_L1_R1.fastq.gz	raw/PAYe.5_L1_R2.fastq.gz
PAYe.7	L1	ILLUMINA	raw/PAYe.7_L1_R1.fastq.gz	raw/PAYe.7_L1_R2.fastq.gz
PAYe.9	L1	ILLUMINA	raw/PAYe.9_L1_R1.fastq.gz	raw/PAYe.9_L1_R2.fastq.gz
PBAa.1	L1	ILLUMINA	raw/PBAa.1_L1_R1.fastq.gz	raw/PBAa.1_L1_R2.fastq.gz
PBAa.4	L1	ILLUMINA	raw/PBAa.4_L1_R1.fastq.gz	raw/PBAa.4_L1_R2.fastq.gz
PBAe.1	L1	ILLUMINA	raw/PBAe.1_L1_R1.fastq.gz	raw/PBAe.1_L1_R2.fastq.gz
PBAe.2	L1	ILLUMINA	raw/PBAe.2_L1_R1.fastq.gz	raw/PBAe.2_L1_R2.fastq.gz
PBAe.3	L1	ILLUMINA	raw/PBAe.3_L1_R1.fastq.gz	raw/PBAe.3_L1_R2.fastq.gz
PBAe.4	L1	ILLUMINA	raw/PBAe.4_L1_R1.fastq.gz	raw/PBAe.4_L1_R2.fastq.gz
PBAe.5	L1	ILLUMINA	raw/PBAe.5_L1_R1.fastq.gz	raw/PBAe.5_L1_R2.fastq.gz
PBAe.6	L1	ILLUMINA	raw/PBAe.6_L1_R1.fastq.gz	raw/PBAe.6_L1_R2.fastq.gz
PBAe.7	L1	ILLUMINA	raw/PBAe.7_L1_R1.fastq.gz	raw/PBAe.7_L1_R2.fastq.gz
PBAe.8	L1	ILLUMINA	raw/PBAe.8_L1_R1.fastq.gz	raw/PBAe.8_L1_R2.fastq.gz
PIV1.1	L1	ILLUMINA	raw/PIV1.1_L1_R1.fastq.gz	raw/PIV1.1_L1_R2.fastq.gz
PIV1.2	L1	ILLUMINA	raw/PIV1.2_L1_R1.fastq.gz	raw/PIV1.2_L1_R2.fastq.gz
PIV1.3	L1	ILLUMINA	raw/PIV1.3_L1_R1.fastq.gz	raw/PIV1.3_L1_R2.fastq.gz
PIV2.1	L1	ILLUMINA	raw/PIV2.1_L1_R1.fastq.gz	raw/PIV2.1_L1_R2.fastq.gz
POD.1	L1	ILLUMINA	raw/POD.1_L1_R1.fastq.gz	raw/POD.1_L1_R2.fastq.gz
POD.2	L1	ILLUMINA	raw/POD.2_L1_R1.fastq.gz	raw/POD.2_L1_R2.fastq.gz
POD.3	L1	ILLUMINA	raw/POD.3_L1_R1.fastq.gz	raw/POD.3_L1_R2.fastq.gz
POD.4	L1	ILLUMINA	raw/POD.4_L1_R1.fastq.gz	raw/POD.4_L1_R2.fastq.gz
POD.5	L1	ILLUMINA	raw/POD.5_L1_R1.fastq.gz	raw/POD.5_L1_R2.fastq.gz
POD.6	L1	ILLUMINA	raw/POD.6_L1_R1.fastq.gz	raw/POD.6_L1_R2.fastq.gz
POD.7	L1	ILLUMINA	raw/POD.7_L1_R1.fastq.gz	raw/POD.7_L1_R2.fastq.gz
POD.8	L1	ILLUMINA	raw/POD.8_L1_R1.fastq.gz	raw/POD.8_L1_R2.fastq.gz
POR.1	L1	ILLUMINA	raw/POR.1_L1_R1.fastq.gz	raw/POR.1_L1_R2.fastq.gz
POR.10	L1	ILLUMINA	raw/POR.10_L1_R1.fastq.gz	raw/POR.10_L1_R2.fastq.gz
POR.2	L1	ILLUMINA	raw/POR.2_L1_R1.fastq.gz	raw/POR.2_L1_R2.fastq.gz
POR.3	L1	ILLUMINA	raw/POR.3_L1_R1.fastq.gz	raw/POR.3_L1_R2.fastq.gz
POR.4	L1	ILLUMINA	raw/POR.4_L1_R1.fastq.gz	raw/POR.4_L1_R2.fastq.gz
POR.5	L1	ILLUMINA	raw/POR.5_L1_R1.fastq.gz	raw/POR.5_L1_R2.fastq.gz
POR.6	L1	ILLUMINA	raw/POR.6_L1_R1.fastq.gz	raw/POR.6_L1_R2.fastq.gz
POR.7	L1	ILLUMINA	raw/POR.7_L1_R1.fastq.gz	raw/POR.7_L1_R2.fastq.gz
POR.8	L1	ILLUMINA	raw/POR.8_L1_R1.fastq.gz	raw/POR.8_L1_R2.fastq.gz
POR.9	L1	ILLUMINA	raw/POR.9_L1_R1.fastq.gz	raw/POR.9_L1_R2.fastq.gz
PSUa.2	L1	ILLUMINA	raw/PSUa.2_L1_R1.fastq.gz	raw/PSUa.2_L1_R2.fastq.gz
PSUa.3	L1	ILLUMINA	raw/PSUa.3_L1_R1.fastq.gz	raw/PSUa.3_L1_R2.fastq.gz
PSUa.4	L1	ILLUMINA	raw/PSUa.4_L1_R1.fastq.gz	raw/PSUa.4_L1_R2.fastq.gz
PSUa.5	L1	ILLUMINA	raw/PSUa.5_L1_R1.fastq.gz	raw/PSUa.5_L1_R2.fastq.gz
PSUe.1	L1	ILLUMINA	raw/PSUe.1_L1_R1.fastq.gz	raw/PSUe.1_L1_R2.fastq.gz
PSUe.2	L1	ILLUMINA	raw/PSUe.2_L1_R1.fastq.gz	raw/PSUe.2_L1_R2.fastq.gz
PSUe.3	L1	ILLUMINA	raw/PSUe.3_L1_R1.fastq.gz	raw/PSUe.3_L1_R2.fastq.gz
PSUe.4	L1	ILLUMINA	raw/PSUe.4_L1_R1.fastq.gz	raw/PSUe.4_L1_R2.fastq.gz
PSUe.5	L1	ILLUMINA	raw/PSUe.5_L1_R1.fastq.gz	raw/PSUe.5_L1_R2.fastq.gz
PSUe.6	L1	ILLUMINA	raw/PSUe.6_L1_R1.fastq.gz	raw/PSUe.6_L1_R2.fastq.gz
PSUe.7	L1	ILLUMINA	raw/PSUe.7_L1_R1.fastq.gz	raw/PSUe.7_L1_R2.fastq.gz
PSUe.8	L1	ILLUMINA	raw/PSUe.8_L1_R1.fastq.gz	raw/PSUe.8_L1_R2.fastq.gz
PULa.1	L1	ILLUMINA	raw/PULa.1_L1_R1.fastq.gz	raw/PULa.1_L1_R2.fastq.gz
PULa.2	L1	ILLUMINA	raw/PULa.2_L1_R1.fastq.gz	raw/PULa.2_L1_R2.fastq.gz
PULa.4	L1	ILLUMINA	raw/PULa.4_L1_R1.fastq.gz	raw/PULa.4_L1_R2.fastq.gz
PULa.6	L1	ILLUMINA	raw/PULa.6_L1_R1.fastq.gz	raw/PULa.6_L1_R2.fastq.gz
PULa.7	L1	ILLUMINA	raw/PULa.7_L1_R1.fastq.gz	raw/PULa.7_L1_R2.fastq.gz
PULa.8	L1	ILLUMINA	raw/PULa.8_L1_R1.fastq.gz	raw/PULa.8_L1_R2.fastq.gz
PULe.1	L1	ILLUMINA	raw/PULe.1_L1_R1.fastq.gz	raw/PULe.1_L1_R2.fastq.gz
PULe.2	L1	ILLUMINA	raw/PULe.2_L1_R1.fastq.gz	raw/PULe.2_L1_R2.fastq.gz
PULe.4	L1	ILLUMINA	raw/PULe.4_L1_R1.fastq.gz	raw/PULe.4_L1_R2.fastq.gz
PULe.5	L1	ILLUMINA	raw/PULe.5_L1_R1.fastq.gz	raw/PULe.5_L1_R2.fastq.gz
PULe.6	L1	ILLUMINA	raw/PULe.6_L1_R1.fastq.gz	raw/PULe.6_L1_R2.fastq.gz
PULe.7	L1	ILLUMINA	raw/PULe.7_L1_R1.fastq.gz	raw/PULe.7_L1_R2.fastq.gz
PULe.8	L1	ILLUMINA	raw/PULe.8_L1_R1.fastq.gz	raw/PULe.8_L1_R2.fastq.gz
PULe.9	L1	ILLUMINA	raw/PULe.9_L1_R1.fastq.gz	raw/PULe.9_L1_R2.fastq.gz
RUO.3	L1	ILLUMINA	raw/RUO.3_L1_R1.fastq.gz	raw/RUO.3_L1_R2.fastq.gz
RUO.4	L1	ILLUMINA	raw/RUO.4_L1_R1.fastq.gz	raw/RUO.4_L1_R2.fastq.gz
RUO.6	L1	ILLUMINA	raw/RUO.6_L1_R1.fastq.gz	raw/RUO.6_L1_R2.fastq.gz
RUO.7	L1	ILLUMINA	raw/RUO.7_L1_R1.fastq.gz	raw/RUO.7_L1_R2.fastq.gz
SAB.1	L1	ILLUMINA	raw/SAB.1_L1_R1.fastq.gz	raw/SAB.1_L1_R2.fastq.gz
SAB.2	L1	ILLUMINA	raw/SAB.2_L1_R1.fastq.gz	raw/SAB.2_L1_R2.fastq.gz
SAIa.1	L1	ILLUMINA	raw/SAIa.1_L1_R1.fastq.gz	raw/SAIa.1_L1_R2.fastq.gz
SAIa.2	L1	ILLUMINA	raw/SAIa.2_L1_R1.fastq.gz	raw/SAIa.2_L1_R2.fastq.gz
SAIa.4	L1	ILLUMINA	raw/SAIa.4_L1_R1.fastq.gz	raw/SAIa.4_L1_R2.fastq.gz
SAIa.5	L1	ILLUMINA	raw/SAIa.5_L1_R1.fastq.gz	raw/SAIa.5_L1_R2.fastq.gz
SAIa.6	L1	ILLUMINA	raw/SAIa.6_L1_R1.fastq.gz	raw/SAIa.6_L1_R2.fastq.gz
SAIa.8	L1	ILLUMINA	raw/SAIa.8_L1_R1.fastq.gz	raw/SAIa.8_L1_R2.fastq.gz
SCH.1	L1	ILLUMINA	raw/SCH.1_L1_R1.fastq.gz	raw/SCH.1_L1_R2.fastq.gz
SCH.2	L1	ILLUMINA	raw/SCH.2_L1_R1.fastq.gz	raw/SCH.2_L1_R2.fastq.gz
SCH.3	L1	ILLUMINA	raw/SCH.3_L1_R1.fastq.gz	raw/SCH.3_L1_R2.fastq.gz
SCH.4	L1	ILLUMINA	raw/SCH.4_L1_R1.fastq.gz	raw/SCH.4_L1_R2.fastq.gz
SCH.5	L1	ILLUMINA	raw/SCH.5_L1_R1.fastq.gz	raw/SCH.5_L1_R2.fastq.gz
SCH.6	L1	ILLUMINA	raw/SCH.6_L1_R1.fastq.gz	raw/SCH.6_L1_R2.fastq.gz
SCH.7	L1	ILLUMINA	raw/SCH.7_L1_R1.fastq.gz	raw/SCH.7_L1_R2.fastq.gz
SCH.8	L1	ILLUMINA	raw/SCH.8_L1_R1.fastq.gz	raw/SCH.8_L1_R2.fastq.gz
SEM.1	L1	ILLUMINA	raw/SEM.1_L1_R1.fastq.gz	raw/SEM.1_L1_R2.fastq.gz
SEY.1	L1	ILLUMINA	raw/SEY.1_L1_R1.fastq.gz	raw/SEY.1_L1_R2.fastq.gz
SEY.10	L1	ILLUMINA	raw/SEY.10_L1_R1.fastq.gz	raw/SEY.10_L1_R2.fastq.gz
SEY.2	L1	ILLUMINA	raw/SEY.2_L1_R1.fastq.gz	raw/SEY.2_L1_R2.fastq.gz
SEY.3	L1	ILLUMINA	raw/SEY.3_L1_R1.fastq.gz	raw/SEY.3_L1_R2.fastq.gz
SEY.4	L1	ILLUMINA	raw/SEY.4_L1_R1.fastq.gz	raw/SEY.4_L1_R2.fastq.gz
SEY.5	L1	ILLUMINA	raw/SEY.5_L1_R1.fastq.gz	raw/SEY.5_L1_R2.fastq.gz
SEY.6	L1	ILLUMINA	raw/SEY.6_L1_R1.fastq.gz	raw/SEY.6_L1_R2.fastq.gz
SEY.7	L1	ILLUMINA	raw/SEY.7_L1_R1.fastq.gz	raw/SEY.7_L1_R2.fastq.gz
SEY.8	L1	ILLUMINA	raw/SEY.8_L1_R1.fastq.gz	raw/SEY.8_L1_R2.fastq.gz
SEY.9	L1	ILLUMINA	raw/SEY.9_L1_R1.fastq.gz	raw/SEY.9_L1_R2.fastq.gz
SEZ.1	L1	ILLUMINA	raw/SEZ.1_L1_R1.fastq.gz	raw/SEZ.1_L1_R2.fastq.gz
SEZ.2	L1	ILLUMINA	raw/SEZ.2_L1_R1.fastq.gz	raw/SEZ.2_L1_R2.fastq.gz
SEZ.3	L1	ILLUMINA	raw/SEZ.3_L1_R1.fastq.gz	raw/SEZ.3_L1_R2.fastq.gz
SEZ.4	L1	ILLUMINA	raw/SEZ.4_L1_R1.fastq.gz	raw/SEZ.4_L1_R2.fastq.gz
SEZ.5	L1	ILLUMINA	raw/SEZ.5_L1_R1.fastq.gz	raw/SEZ.5_L1_R2.fastq.gz
SEZ.6	L1	ILLUMINA	raw/SEZ.6_L1_R1.fastq.gz	raw/SEZ.6_L1_R2.fastq.gz
SEZ.7	L1	ILLUMINA	raw/SEZ.7_L1_R1.fastq.gz	raw/SEZ.7_L1_R2.fastq.gz
SEZ.8	L1	ILLUMINA	raw/SEZ.8_L1_R1.fastq.gz	raw/SEZ.8_L1_R2.fastq.gz
SGB.1	L1	ILLUMINA	raw/SGB.1_L1_R1.fastq.gz	raw/SGB.1_L1_R2.fastq.gz
SGB.3	L1	ILLUMINA	raw/SGB.3_L1_R1.fastq.gz	raw/SGB.3_L1_R2.fastq.gz
SGB.4	L1	ILLUMINA	raw/SGB.4_L1_R1.fastq.gz	raw/SGB.4_L1_R2.fastq.gz
SGB.5	L1	ILLUMINA	raw/SGB.5_L1_R1.fastq.gz	raw/SGB.5_L1_R2.fastq.gz
SGB.6	L1	ILLUMINA	raw/SGB.6_L1_R1.fastq.gz	raw/SGB.6_L1_R2.fastq.gz
SGB.7	L1	ILLUMINA	raw/SGB.7_L1_R1.fastq.gz	raw/SGB.7_L1_R2.fastq.gz
SGB.8	L1	ILLUMINA	raw/SGB.8_L1_R1.fastq.gz	raw/SGB.8_L1_R2.fastq.gz
SOP.1	L1	ILLUMINA	raw/SOP.1_L1_R1.fastq.gz	raw/SOP.1_L1_R2.fastq.gz
SOP.10	L1	ILLUMINA	raw/SOP.10_L1_R1.fastq.gz	raw/SOP.10_L1_R2.fastq.gz
SOP.2	L1	ILLUMINA	raw/SOP.2_L1_R1.fastq.gz	raw/SOP.2_L1_R2.fastq.gz
SOP.3	L1	ILLUMINA	raw/SOP.3_L1_R1.fastq.gz	raw/SOP.3_L1_R2.fastq.gz
SOP.4	L1	ILLUMINA	raw/SOP.4_L1_R1.fastq.gz	raw/SOP.4_L1_R2.fastq.gz
SOP.5	L1	ILLUMINA	raw/SOP.5_L1_R1.fastq.gz	raw/SOP.5_L1_R2.fastq.gz
SOP.6	L1	ILLUMINA	raw/SOP.6_L1_R1.fastq.gz	raw/SOP.6_L1_R2.fastq.gz
SOP.7	L1	ILLUMINA	raw/SOP.7_L1_R1.fastq.gz	raw/SOP.7_L1_R2.fastq.gz
SOP.8	L1	ILLUMINA	raw/SOP.8_L1_R1.fastq.gz	raw/SOP.8_L1_R2.fastq.gz
SOP.9	L1	ILLUMINA	raw/SOP.9_L1_R1.fastq.gz	raw/SOP.9_L1_R2.fastq.gz
SPD.3	L1	ILLUMINA	raw/SPD.3_L1_R1.fastq.gz	raw/SPD.3_L1_R2.fastq.gz
SPI.1	L1	ILLUMINA	raw/SPI.1_L1_R1.fastq.gz	raw/SPI.1_L1_R2.fastq.gz
SPLe.2	L1	ILLUMINA	raw/SPLe.2_L1_R1.fastq.gz	raw/SPLe.2_L1_R2.fastq.gz
SPLe.3	L1	ILLUMINA	raw/SPLe.3_L1_R1.fastq.gz	raw/SPLe.3_L1_R2.fastq.gz
SPLe.4	L1	ILLUMINA	raw/SPLe.4_L1_R1.fastq.gz	raw/SPLe.4_L1_R2.fastq.gz
SPLe.5	L1	ILLUMINA	raw/SPLe.5_L1_R1.fastq.gz	raw/SPLe.5_L1_R2.fastq.gz
SPLe.6	L1	ILLUMINA	raw/SPLe.6_L1_R1.fastq.gz	raw/SPLe.6_L1_R2.fastq.gz
SPLe.8	L1	ILLUMINA	raw/SPLe.8_L1_R1.fastq.gz	raw/SPLe.8_L1_R2.fastq.gz
SPLe.9	L1	ILLUMINA	raw/SPLe.9_L1_R1.fastq.gz	raw/SPLe.9_L1_R2.fastq.gz
STP.10	L1	ILLUMINA	raw/STP.10_L1_R1.fastq.gz	raw/STP.10_L1_R2.fastq.gz
STP.2	L1	ILLUMINA	raw/STP.2_L1_R1.fastq.gz	raw/STP.2_L1_R2.fastq.gz
STP.6	L1	ILLUMINA	raw/STP.6_L1_R1.fastq.gz	raw/STP.6_L1_R2.fastq.gz
STP.8	L1	ILLUMINA	raw/STP.8_L1_R1.fastq.gz	raw/STP.8_L1_R2.fastq.gz
STP.9	L1	ILLUMINA	raw/STP.9_L1_R1.fastq.gz	raw/STP.9_L1_R2.fastq.gz
THAI.3	L1	ILLUMINA	raw/THAI.3_L1_R1.fastq.gz	raw/THAI.3_L1_R2.fastq.gz
THAI.5	L1	ILLUMINA	raw/THAI.5_L1_R1.fastq.gz	raw/THAI.5_L1_R2.fastq.gz
TIR3.1	L1	ILLUMINA	raw/TIR3.1_L1_R1.fastq.gz	raw/TIR3.1_L1_R2.fastq.gz
TIR3.10	L1	ILLUMINA	raw/TIR3.10_L1_R1.fastq.gz	raw/TIR3.10_L1_R2.fastq.gz
TIR3.2	L1	ILLUMINA	raw/TIR3.2_L1_R1.fastq.gz	raw/TIR3.2_L1_R2.fastq.gz
TIR3.3	L1	ILLUMINA	raw/TIR3.3_L1_R1.fastq.gz	raw/TIR3.3_L1_R2.fastq.gz
TIR3.4	L1	ILLUMINA	raw/TIR3.4_L1_R1.fastq.gz	raw/TIR3.4_L1_R2.fastq.gz
TIR3.5	L1	ILLUMINA	raw/TIR3.5_L1_R1.fastq.gz	raw/TIR3.5_L1_R2.fastq.gz
TIR3.6	L1	ILLUMINA	raw/TIR3.6_L1_R1.fastq.gz	raw/TIR3.6_L1_R2.fastq.gz
TIR3.7	L1	ILLUMINA	raw/TIR3.7_L1_R1.fastq.gz	raw/TIR3.7_L1_R2.fastq.gz
TIR3.8	L1	ILLUMINA	raw/TIR3.8_L1_R1.fastq.gz	raw/TIR3.8_L1_R2.fastq.gz
TIR3.9	L1	ILLUMINA	raw/TIR3.9_L1_R1.fastq.gz	raw/TIR3.9_L1_R2.fastq.gz
TIV.1	L1	ILLUMINA	raw/TIV.1_L1_R1.fastq.gz	raw/TIV.1_L1_R2.fastq.gz
TIV.10	L1	ILLUMINA	raw/TIV.10_L1_R1.fastq.gz	raw/TIV.10_L1_R2.fastq.gz
TIV.2	L1	ILLUMINA	raw/TIV.2_L1_R1.fastq.gz	raw/TIV.2_L1_R2.fastq.gz
TIV.3	L1	ILLUMINA	raw/TIV.3_L1_R1.fastq.gz	raw/TIV.3_L1_R2.fastq.gz
TIV.4	L1	ILLUMINA	raw/TIV.4_L1_R1.fastq.gz	raw/TIV.4_L1_R2.fastq.gz
TIV.5	L1	ILLUMINA	raw/TIV.5_L1_R1.fastq.gz	raw/TIV.5_L1_R2.fastq.gz
TIV.6	L1	ILLUMINA	raw/TIV.6_L1_R1.fastq.gz	raw/TIV.6_L1_R2.fastq.gz
TIV.7	L1	ILLUMINA	raw/TIV.7_L1_R1.fastq.gz	raw/TIV.7_L1_R2.fastq.gz
TIV.8	L1	ILLUMINA	raw/TIV.8_L1_R1.fastq.gz	raw/TIV.8_L1_R2.fastq.gz
TIV.9	L1	ILLUMINA	raw/TIV.9_L1_R1.fastq.gz	raw/TIV.9_L1_R2.fastq.gz
TOR.1	L1	ILLUMINA	raw/TOR.1_L1_R1.fastq.gz	raw/TOR.1_L1_R2.fastq.gz
TOR.2	L1	ILLUMINA	raw/TOR.2_L1_R1.fastq.gz	raw/TOR.2_L1_R2.fastq.gz
TOR.3	L1	ILLUMINA	raw/TOR.3_L1_R1.fastq.gz	raw/TOR.3_L1_R2.fastq.gz
TOR.7	L1	ILLUMINA	raw/TOR.7_L1_R1.fastq.gz	raw/TOR.7_L1_R2.fastq.gz
TOR.9	L1	ILLUMINA	raw/TOR.9_L1_R1.fastq.gz	raw/TOR.9_L1_R2.fastq.gz
TRA1.1	L1	ILLUMINA	raw/TRA1.1_L1_R1.fastq.gz	raw/TRA1.1_L1_R2.fastq.gz
TRA1.2	L1	ILLUMINA	raw/TRA1.2_L1_R1.fastq.gz	raw/TRA1.2_L1_R2.fastq.gz
TRA1.3	L1	ILLUMINA	raw/TRA1.3_L1_R1.fastq.gz	raw/TRA1.3_L1_R2.fastq.gz
TRA1.4	L1	ILLUMINA	raw/TRA1.4_L1_R1.fastq.gz	raw/TRA1.4_L1_R2.fastq.gz
TRA1.5	L1	ILLUMINA	raw/TRA1.5_L1_R1.fastq.gz	raw/TRA1.5_L1_R2.fastq.gz
TRA2.1	L1	ILLUMINA	raw/TRA2.1_L1_R1.fastq.gz	raw/TRA2.1_L1_R2.fastq.gz
TRA2.2	L1	ILLUMINA	raw/TRA2.2_L1_R1.fastq.gz	raw/TRA2.2_L1_R2.fastq.gz
VAL.1	L1	ILLUMINA	raw/VAL.1_L1_R1.fastq.gz	raw/VAL.1_L1_R2.fastq.gz
VAL.2	L1	ILLUMINA	raw/VAL.2_L1_R1.fastq.gz	raw/VAL.2_L1_R2.fastq.gz
VAL.3	L1	ILLUMINA	raw/VAL.3_L1_R1.fastq.gz	raw/VAL.3_L1_R2.fastq.gz
VAL.4	L1	ILLUMINA	raw/VAL.4_L1_R1.fastq.gz	raw/VAL.4_L1_R2.fastq.gz
VAN.1	L1	ILLUMINA	raw/VAN.1_L1_R1.fastq.gz	raw/VAN.1_L1_R2.fastq.gz
VAN.3	L1	ILLUMINA	raw/VAN.3_L1_R1.fastq.gz	raw/VAN.3_L1_R2.fastq.gz
VAN.4	L1	ILLUMINA	raw/VAN.4_L1_R1.fastq.gz	raw/VAN.4_L1_R2.fastq.gz
VAN.5	L1	ILLUMINA	raw/VAN.5_L1_R1.fastq.gz	raw/VAN.5_L1_R2.fastq.gz
VAN.6	L1	ILLUMINA	raw/VAN.6_L1_R1.fastq.gz	raw/VAN.6_L1_R2.fastq.gz
VAN.7	L1	ILLUMINA	raw/VAN.7_L1_R1.fastq.gz	raw/VAN.7_L1_R2.fastq.gz
VAN.8	L1	ILLUMINA	raw/VAN.8_L1_R1.fastq.gz	raw/VAN.8_L1_R2.fastq.gz
VEN.1	L1	ILLUMINA	raw/VEN.1_L1_R1.fastq.gz	raw/VEN.1_L1_R2.fastq.gz
VEN.10	L1	ILLUMINA	raw/VEN.10_L1_R1.fastq.gz	raw/VEN.10_L1_R2.fastq.gz
VEN.2	L1	ILLUMINA	raw/VEN.2_L1_R1.fastq.gz	raw/VEN.2_L1_R2.fastq.gz
VEN.3	L1	ILLUMINA	raw/VEN.3_L1_R1.fastq.gz	raw/VEN.3_L1_R2.fastq.gz
VEN.4	L1	ILLUMINA	raw/VEN.4_L1_R1.fastq.gz	raw/VEN.4_L1_R2.fastq.gz
VEN.6	L1	ILLUMINA	raw/VEN.6_L1_R1.fastq.gz	raw/VEN.6_L1_R2.fastq.gz
VEN.7	L1	ILLUMINA	raw/VEN.7_L1_R1.fastq.gz	raw/VEN.7_L1_R2.fastq.gz
VEN.8	L1	ILLUMINA	raw/VEN.8_L1_R1.fastq.gz	raw/VEN.8_L1_R2.fastq.gz
VEN.9	L1	ILLUMINA	raw/VEN.9_L1_R1.fastq.gz	raw/VEN.9_L1_R2.fastq.gz
VER.1	L1	ILLUMINA	raw/VER.1_L1_R1.fastq.gz	raw/VER.1_L1_R2.fastq.gz
VER.2	L1	ILLUMINA	raw/VER.2_L1_R1.fastq.gz	raw/VER.2_L1_R2.fastq.gz
VER.3	L1	ILLUMINA	raw/VER.3_L1_R1.fastq.gz	raw/VER.3_L1_R2.fastq.gz
VER.4	L1	ILLUMINA	raw/VER.4_L1_R1.fastq.gz	raw/VER.4_L1_R2.fastq.gz
VER.5	L1	ILLUMINA	raw/VER.5_L1_R1.fastq.gz	raw/VER.5_L1_R2.fastq.gz
VER.6	L1	ILLUMINA	raw/VER.6_L1_R1.fastq.gz	raw/VER.6_L1_R2.fastq.gz
VER.7	L1	ILLUMINA	raw/VER.7_L1_R1.fastq.gz	raw/VER.7_L1_R2.fastq.gz
VER.8	L1	ILLUMINA	raw/VER.8_L1_R1.fastq.gz	raw/VER.8_L1_R2.fastq.gz
VIL.1	L1	ILLUMINA	raw/VIL.1_L1_R1.fastq.gz	raw/VIL.1_L1_R2.fastq.gz
VIL.2	L1	ILLUMINA	raw/VIL.2_L1_R1.fastq.gz	raw/VIL.2_L1_R2.fastq.gz
VIL.3	L1	ILLUMINA	raw/VIL.3_L1_R1.fastq.gz	raw/VIL.3_L1_R2.fastq.gz
VIL.4	L1	ILLUMINA	raw/VIL.4_L1_R1.fastq.gz	raw/VIL.4_L1_R2.fastq.gz
VIL.5	L1	ILLUMINA	raw/VIL.5_L1_R1.fastq.gz	raw/VIL.5_L1_R2.fastq.gz
VIN.2	L1	ILLUMINA	raw/VIN.2_L1_R1.fastq.gz	raw/VIN.2_L1_R2.fastq.gz
VIN.5	L1	ILLUMINA	raw/VIN.5_L1_R1.fastq.gz	raw/VIN.5_L1_R2.fastq.gz
VIS.1	L1	ILLUMINA	raw/VIS.1_L1_R1.fastq.gz	raw/VIS.1_L1_R2.fastq.gz
VIS.4	L1	ILLUMINA	raw/VIS.4_L1_R1.fastq.gz	raw/VIS.4_L1_R2.fastq.gz
VIS.9	L1	ILLUMINA	raw/VIS.9_L1_R1.fastq.gz	raw/VIS.9_L1_R2.fastq.gz
VLO.1	L1	ILLUMINA	raw/VLO.1_L1_R1.fastq.gz	raw/VLO.1_L1_R2.fastq.gz
VLO.8	L1	ILLUMINA	raw/VLO.8_L1_R1.fastq.gz	raw/VLO.8_L1_R2.fastq.gz
VLO.9	L1	ILLUMINA	raw/VLO.9_L1_R1.fastq.gz	raw/VLO.9_L1_R2.fastq.gz
VZE.1	L1	ILLUMINA	raw/VZE.1_L1_R1.fastq.gz	raw/VZE.1_L1_R2.fastq.gz
VZE.10	L1	ILLUMINA	raw/VZE.10_L1_R1.fastq.gz	raw/VZE.10_L1_R2.fastq.gz
VZE.2	L1	ILLUMINA	raw/VZE.2_L1_R1.fastq.gz	raw/VZE.2_L1_R2.fastq.gz
VZE.3	L1	ILLUMINA	raw/VZE.3_L1_R1.fastq.gz	raw/VZE.3_L1_R2.fastq.gz
VZE.4	L1	ILLUMINA	raw/VZE.4_L1_R1.fastq.gz	raw/VZE.4_L1_R2.fastq.gz
VZE.5	L1	ILLUMINA	raw/VZE.5_L1_R1.fastq.gz	raw/VZE.5_L1_R2.fastq.gz
VZE.6	L1	ILLUMINA	raw/VZE.6_L1_R1.fastq.gz	raw/VZE.6_L1_R2.fastq.gz
VZE.7	L1	ILLUMINA	raw/VZE.7_L1_R1.fastq.gz	raw/VZE.7_L1_R2.fastq.gz
VZE.8	L1	ILLUMINA	raw/VZE.8_L1_R1.fastq.gz	raw/VZE.8_L1_R2.fastq.gz
VZE.9	L1	ILLUMINA	raw/VZE.9_L1_R1.fastq.gz	raw/VZE.9_L1_R2.fastq.gz
